"method","lower_radius_points","upper_radius_points","paired_replications","wrong_difference","wrong_difference_mcse","exact_difference","exact_difference_mcse","signed_attained_radius_error_difference","signed_attained_radius_error_difference_mcse","test_deviance_difference","test_deviance_difference_mcse","selected_grid_radius_difference","selected_grid_radius_difference_mcse","attained_radius_difference","attained_radius_difference_mcse"
"PanIC-CF",61,121,500,-0.226,0.0862828921336661,0.002,0.002,-0.0115692080676238,0.00566286404389349,-0.000440872469124445,0.000111694569227301,-0.0116666666666647,0.00566792394398338,-0.0115692080676218,0.00566286404389347
"PanIC-CF",121,241,500,-0.142,0.0608199814228892,-0.002,0.002,-0.0114089921312213,0.00357364462735771,-0.000104364553015249,7.87242349562591e-05,-0.0115000000000006,0.00357615093204346,-0.0114089921312219,0.00357364462735771
"PanIC-CF",61,241,500,-0.368,0.0800873270868733,0,0,-0.022978200198845,0.0051356046314992,-0.000545237022139695,0.000105450281610959,-0.0231666666666653,0.00514312519845147,-0.0229782001988437,0.00513560463149911
"BIC-like",61,121,500,-0.272,0.0654568652045361,-0.03,0.013659178097257,0.00800000000000005,0.00640821672497894,-0.00117285699634178,0.000330107203357411,0.00799999999999833,0.00640821672497891,0.00799999999999833,0.00640821672497891
"BIC-like",121,241,500,-0.206,0.0420793219845254,0.03,0.0114219491262958,0.00666666666666666,0.00452239042337057,-0.000475346717885707,0.00020523182838342,0.00666666666666698,0.00452239042337058,0.00666666666666698,0.00452239042337058
"BIC-like",61,241,500,-0.478,0.0679135959364989,0,0.0155074485949123,0.0146666666666667,0.00682696397356943,-0.00164820371422749,0.000337278957758562,0.0146666666666653,0.0068269639735694,0.0146666666666653,0.0068269639735694
"CV",61,121,500,-0.026,0.0754057029678803,0,0,0.00138123278656222,0.00522036403689778,-0.000380527854569062,0.000107879523969375,0.00066666666666857,0.00525451105618264,0.00138123278656417,0.00522036403689775
"CV",121,241,500,-0.1,0.0480897624292426,0,0,-0.00116666666666665,0.00273577574700043,-8.90791590452122e-05,6.15747949659053e-05,-0.00116666666666703,0.00273577574700043,-0.00116666666666705,0.00273577574700043
"CV",61,241,500,-0.126,0.0710376004758236,0,0,0.000214566119895578,0.00454520793562818,-0.000469607013614275,9.3629188329054e-05,-0.000499999999998439,0.00459014341943684,0.000214566119897142,0.00454520793562813
